{
  "MAE": 0.052282162651301055,
  "RMSE": 0.07369122310644312,
  "PICP": 0.9396551724137931,
  "NMPIW": 0.7210608723783565,
  "CWC": 1.4571956447514383,
  "ECE": 0.06870689655172416,
  "Sharpness": 0.18236172633044134,
  "target_coverage": 0.95,
  "alpha": 0.05
}