{
  "MAE": 0.12155288307987479,
  "RMSE": 0.15846006877403365,
  "PICP": 0.75,
  "NMPIW": 0.2759421643022296,
  "CWC": 0.687599500128881,
  "ECE": 0.3208333333333334,
  "Sharpness": 0.06452847830195006,
  "target_coverage": 0.95,
  "alpha": 0.05
}