{
    "timestamp": "2026-01-27 10:24:37",
    "test_bearing": "Bearing1_2",
    "MSE": 0.008366574610736232,
    "RMSE": 0.09146898168634125,
    "MAE": 0.07203909864886829,
    "R2": 0.8995936444179999,
    "PICP": 1.0,
    "NMPIW": 0.617752907927832,
    "CWC": 0.617752907927832,
    "ECE": 0.11284482758620688,
    "Aleatoric_Uncertainty": 0.018237823178863216,
    "Epistemic_Uncertainty": 0.006792669650167227,
    "Sharpness": 0.018237823178863216
}