{
    "timestamp": "2026-01-09 11:35:17",
    "test_bearing": "Bearing1_3",
    "MSE": 0.01865080831060412,
    "RMSE": 0.13656796224079834,
    "MAE": 0.11125786671233795,
    "R2": 0.7761665105711439,
    "PICP": 0.979381443298969,
    "NMPIW": 0.591216797488,
    "CWC": 0.591216797488,
    "ECE": 0.12113402061855674,
    "Aleatoric_Uncertainty": 0.020067032100152725,
    "Epistemic_Uncertainty": 0.003138125641271472,
    "Sharpness": 0.020067032100152725
}