{
    "timestamp": "2026-01-26 18:11:18",
    "test_bearing": "Bearing1_5",
    "MSE": 0.014933547073161644,
    "RMSE": 0.12220289306379634,
    "MAE": 0.08557748412920534,
    "R2": 0.8195442711708196,
    "PICP": 0.9166666666666666,
    "NMPIW": 0.6015665054045048,
    "CWC": 1.2446044677390924,
    "ECE": 0.12500000000000003,
    "Aleatoric_Uncertainty": 0.016704743029549718,
    "Epistemic_Uncertainty": 0.006989199202507734,
    "Sharpness": 0.016704743029549718
}