{
    "timestamp": "2026-01-03 19:44:12",
    "test_bearing": "Bearing2_5",
    "MSE": 0.020334716674519592,
    "RMSE": 0.14259984808729492,
    "MAE": 0.1114134860949734,
    "R2": 0.7559771113558547,
    "PICP": 0.9289340101522843,
    "NMPIW": 0.5095641003243192,
    "CWC": 1.0410558286098472,
    "ECE": 0.021573604060913697,
    "Aleatoric_Uncertainty": 0.01515844756463155,
    "Epistemic_Uncertainty": 0.0019243995193392038,
    "Sharpness": 0.01515844756463155
}