{
    "timestamp": "2026-01-03 19:29:22",
    "test_bearing": "Bearing2_4",
    "MSE": 0.017065478083001944,
    "RMSE": 0.13063490377001832,
    "MAE": 0.11904422395048665,
    "R2": 0.7926544475993826,
    "PICP": 1.0,
    "NMPIW": 0.5008492092176489,
    "CWC": 0.5008492092176489,
    "ECE": 0.0861111111111111,
    "Aleatoric_Uncertainty": 0.014345639799204137,
    "Epistemic_Uncertainty": 0.002103164093568921,
    "Sharpness": 0.014345639799204137
}